city,state,country,lat,lng,elevation_m,elevation_ft
Aldeburgh,,England,52.1524,1.6016,11.0,36.1
Amble,,England,55.3338,-1.5839,3.0,9.8
Berwick-upon-Tweed,,England,55.7692,-2.0026,23.0,75.5
Blyth,,England,55.1271,-1.51,4.0,13.1
Bracklesham Bay,,England,50.7531,-0.8772,0.0,0.0
Bridlington,,England,54.0822,-0.1909,13.0,42.7
Budleigh Salterton,,England,50.6311,-3.33,17.0,55.8
Chapel St Leonards,,England,53.2286,0.331,2.0,6.6
Charmouth,,England,50.738,-2.9066,65.0,213.3
Clacton-on-Sea,,England,51.7884,1.1528,21.0,68.9
Cleethorpes,,England,53.5572,-0.029,12.0,39.4
Cromer,,England,52.9311,1.3013,25.0,82.0
Deal,,England,51.224,1.4027,7.0,23.0
Dymchurch,,England,51.0263,0.9937,2.0,6.6
Felixstowe,,England,51.9643,1.329,19.0,62.3
Filey,,England,54.2097,-0.2888,35.0,114.8
Frinton-on-Sea,,England,51.8293,1.2462,21.0,68.9
Great Yarmouth,,England,52.6072,1.7315,6.0,19.7
Hartlepool,,England,54.6857,-1.2094,10.0,32.8
Hayling Island,,England,50.8056,-0.9801,4.0,13.1
Hunstanton,,England,52.9394,0.4902,29.0,95.1
Hythe,,England,51.0692,1.084,4.0,13.1
Lee-on-the-Solent,,England,50.8029,-1.2013,9.0,29.5
Lowestoft,,England,52.4766,1.7538,9.0,29.5
Mablethorpe,,England,53.3408,0.2607,2.0,6.6
Milford on Sea,,England,50.7252,-1.5849,7.0,23.0
Mundesley,,England,52.8803,1.4262,39.0,128.0
Pevensey Bay,,England,50.8177,0.3432,2.0,6.6
Redcar,,England,54.6179,-1.0688,10.0,32.8
Robin Hood's Bay,,England,54.4332,-0.5345,30.0,98.4
Rye,,England,50.9512,0.7328,13.0,42.7
Saltburn-by-the-Sea,,England,54.5847,-0.9741,46.0,150.9
Scarborough,,England,54.282,-0.4012,44.0,144.4
Seaford,,England,50.7783,0.1107,15.0,49.2
Seaham,,England,54.8372,-1.3356,32.0,105.0
Seahouses,,England,55.5817,-1.6537,12.0,39.4
Seaton Sluice,,England,55.084,-1.4732,5.0,16.4
Selsey,,England,50.7328,-0.7923,7.0,23.0
Sheringham,,England,52.9439,1.2126,11.0,36.1
Shoreham-by-Sea,,England,50.8322,-0.2747,6.0,19.7
Skegness,,England,53.1438,0.3429,6.0,19.7
Southwold,,England,52.3261,1.6793,13.0,42.7
Staithes,,England,54.5592,-0.7923,12.0,39.4
Sunderland,,England,54.9059,-1.3829,36.0,118.1
Tynemouth,,England,55.0178,-1.4256,36.0,118.1
Walton-on-the-Naze,,England,51.8484,1.2726,5.0,16.4
Wells-next-the-Sea,,England,52.955,0.8515,13.0,42.7
Whitby,,England,54.4867,-0.6135,5.0,16.4
Whitley Bay,,England,55.0422,-1.4454,26.0,85.3
Withernsea,,England,53.731,0.0272,8.0,26.2
Annestown,,Ireland,52.1407,-7.2748,7.0,23.0
Ardmore,,Ireland,51.9508,-7.7255,8.0,26.2
Arklow,,Ireland,52.7982,-6.154,1.0,3.3
Balbriggan,,Ireland,53.6119,-6.1823,12.0,39.4
Ballybunion,,Ireland,52.5112,-9.6701,30.0,98.4
Baltimore,,Ireland,51.4833,-9.3732,14.0,45.9
Belmullet,,Ireland,54.2241,-9.9872,7.0,23.0
Bettystown,,Ireland,53.6983,-6.2444,3.0,9.8
Bray,,Ireland,53.2015,-6.1105,28.0,91.9
Brittas Bay,,Ireland,52.8831,-6.0576,0.0,0.0
Buncrana,,Ireland,55.1354,-7.4531,28.0,91.9
Bundoran,,Ireland,54.4789,-8.2783,15.0,49.2
Burtonport,,Ireland,54.9812,-8.4225,25.0,82.0
Carlingford,,Ireland,54.0411,-6.1865,4.0,13.1
Clifden,,Ireland,53.4885,-10.0211,28.0,91.9
Cobh,,Ireland,51.8501,-8.2943,24.0,78.7
Courtmacsherry,,Ireland,51.6333,-8.7001,0.0,0.0
Courtown,,Ireland,52.6448,-6.2278,8.0,26.2
Dingle,,Ireland,52.1415,-10.2895,4.0,13.1
Donegal,,Ireland,54.6538,-8.1103,10.0,32.8
Downings,,Ireland,55.1949,-7.8351,3.0,9.8
Drogheda,,Ireland,53.715,-6.3524,15.0,49.2
Dublin,,Ireland,53.3494,-6.2606,12.0,39.4
Dungloe,,Ireland,54.9507,-8.3597,12.0,39.4
Dunmore East,,Ireland,52.1488,-6.9947,24.0,78.7
Enniscrone,,Ireland,53.2692,-6.1843,79.0,259.2
Fanore,,Ireland,53.1165,-9.2841,34.0,111.5
Glencolumbkille,,Ireland,54.7,-8.7167,117.0,383.9
Greenore,,Ireland,54.0326,-6.1334,6.0,19.7
Greystones,,Ireland,53.144,-6.061,15.0,49.2
Howth,,Ireland,53.3858,-6.0651,24.0,78.7
Kilcar,,Ireland,54.6326,-8.5924,16.0,52.5
Kilkee,,Ireland,52.6792,-9.6442,14.0,45.9
Kilrush,,Ireland,52.7217,-7.8555,115.0,377.3
Kinsale,,Ireland,51.7057,-8.523,16.0,52.5
Lahinch,,Ireland,52.9321,-9.3459,7.0,23.0
Laytown,,Ireland,53.6795,-6.2428,7.0,23.0
Moville,,Ireland,55.1889,-7.0405,16.0,52.5
Portsalon,,Ireland,55.2089,-7.6223,28.0,91.9
Rathmullan,,Ireland,55.0939,-7.5403,13.0,42.7
Rosslare,,Ireland,52.2736,-6.3869,4.0,13.1
Skerries,,Ireland,53.574,-6.1192,17.0,55.8
Sligo,,Ireland,54.2721,-8.4751,8.0,26.2
Spanish Point,,Ireland,52.8491,-9.4501,4.0,13.1
Tralee,,Ireland,52.2692,-9.7057,7.0,23.0
Union Hall,,Ireland,51.5588,-9.1399,4.0,13.1
Waterville,,Ireland,51.8271,-10.1718,12.0,39.4
Westport,,Ireland,53.8001,-9.5202,16.0,52.5
Wexford,,Ireland,52.3368,-6.4601,5.0,16.4
Youghal,,Ireland,51.9495,-7.8432,7.0,23.0
Aberlady,,Scotland,56.0096,-2.8585,11.0,36.1
Anstruther,,Scotland,56.2228,-2.7006,0.0,0.0
Avoch,,Scotland,57.5669,-4.1709,19.0,62.3
Brora,,Scotland,58.011,-3.8551,14.0,45.9
Buckie,,Scotland,57.6763,-2.9649,26.0,85.3
Burghead,,Scotland,57.7017,-3.4902,9.0,29.5
Castletown,,Scotland,58.5925,-3.3872,23.0,75.5
Crail,,Scotland,56.2607,-2.6267,33.0,108.3
Cullen,,Scotland,57.6911,-2.8196,40.0,131.2
Dunbar,,Scotland,56.0021,-2.5158,18.0,59.1
Elie,,Scotland,56.1905,-2.8202,14.0,45.9
Eyemouth,,Scotland,55.8722,-2.0894,7.0,23.0
Golspie,,Scotland,57.9733,-3.9759,7.0,23.0
Gullane,,Scotland,56.035,-2.8307,29.0,95.1
Helmsdale,,Scotland,58.1177,-3.6591,28.0,91.9
Hopeman,,Scotland,57.7073,-3.4331,28.0,91.9
Largo,,Scotland,58.9861,-2.9978,79.0,259.2
Leven,,Scotland,56.1954,-2.9969,11.0,36.1
Lossiemouth,,Scotland,57.7221,-3.2815,19.0,62.3
Lybster,,Scotland,58.3016,-3.2844,63.0,206.7
Methil,,Scotland,56.1849,-3.0133,18.0,59.1
Montrose,,Scotland,56.7114,-2.4682,15.0,49.2
Nairn,,Scotland,57.585,-3.8682,16.0,52.5
North Berwick,,Scotland,56.0581,-2.7209,17.0,55.8
Pittenweem,,Scotland,56.2134,-2.7298,26.0,85.3
Portsoy,,Scotland,57.6816,-2.6907,21.0,68.9
Rosemarkie,,Scotland,57.5907,-4.1143,10.0,32.8
St Abbs,,Scotland,55.8984,-2.1308,10.0,32.8
Stonehaven,,Scotland,56.964,-2.2088,10.0,32.8
Thurso,,Scotland,58.5947,-3.5206,9.0,29.5
Aberdeen,MD,USA,39.512,-76.1643,24.4,80.1
Aberdeen,SD,USA,45.4649,-98.4686,395.0,1295.9
Aiken,SC,USA,33.5303,-81.7271,162.0,531.5
Akron,OH,USA,41.0798,-81.5219,291.0,954.7
Alabaster,AL,USA,33.2198,-86.8225,154.0,505.2
Alamogordo,NM,USA,32.8837,-105.9625,1310.0,4297.9
Albany,GA,USA,31.5776,-84.1762,69.0,226.4
Albany,NY,USA,42.6664,-73.7987,75.0,246.1
Albany,OR,USA,44.6272,-123.0965,69.0,226.4
Albuquerque,NM,USA,35.1054,-106.6465,1518.0,4980.3
Alexandria,LA,USA,31.2923,-92.4702,32.0,105.0
Alexandria,VA,USA,38.8185,-77.0861,61.0,200.1
Allentown,PA,USA,40.5961,-75.4756,80.0,262.5
Alliance,NE,USA,42.1025,-102.8766,1212.0,3976.4
Alpharetta,GA,USA,34.0704,-84.2738,331.0,1086.0
Alton,IL,USA,38.9037,-90.152,164.0,538.1
Altoona,PA,USA,40.5082,-78.4007,354.0,1161.4
Amarillo,TX,USA,35.2073,-101.8371,1117.0,3664.7
Ames,IA,USA,42.0256,-93.6217,287.0,941.6
Ammon,ID,USA,43.4745,-111.9568,1441.0,4727.7
Anaconda,MT,USA,46.0608,-113.0678,2131.0,6991.5
Anaheim,CA,USA,33.839,-117.8574,47.0,154.2
Anderson,IN,USA,40.0891,-85.6892,278.0,912.1
Anderson,SC,USA,34.5211,-82.6478,238.0,780.8
Ankeny,IA,USA,41.7288,-93.6031,301.0,987.5
Ann Arbor,MI,USA,42.2759,-83.731,274.0,899.0
Annapolis,MD,USA,38.9786,-76.4928,13.8,45.3
Anniston,AL,USA,33.6712,-85.8135,280.0,918.6
Apple Valley,MN,USA,44.7457,-93.2004,292.0,958.0
Appleton,WI,USA,44.278,-88.3892,239.0,784.1
Ardmore,OK,USA,34.1949,-97.1256,273.0,895.7
Arlington,TX,USA,32.6998,-97.125,203.0,666.0
Arlington,VA,USA,38.8786,-77.1011,84.0,275.6
Arlington Heights,IL,USA,42.0955,-87.9826,222.0,728.3
Arvada,CO,USA,39.832,-105.151,1689.0,5541.3
Asheville,NC,USA,35.5707,-82.5537,654.0,2145.7
Ashland,KY,USA,38.4592,-82.6448,206.0,675.9
Athens,AL,USA,34.7843,-86.9503,205.0,672.6
Athens,GA,USA,33.9508,-83.3689,199.0,652.9
Atlanta,GA,USA,33.7628,-84.422,297.0,974.4
Atlantic City,NJ,USA,39.3797,-74.4527,4.0,13.1
Auburn,AL,USA,32.6087,-85.4903,218.0,715.2
Auburn,ME,USA,44.0851,-70.2492,79.0,259.2
Auburn,WA,USA,47.3039,-122.2108,28.0,91.9
Augusta,ME,USA,44.3341,-69.7319,52.0,170.6
Augusta,GA,USA,33.3645,-82.0708,109.0,357.6
Aurora,CO,USA,39.7083,-104.7237,1700.0,5577.4
Aurora,IL,USA,41.7638,-88.2902,224.0,734.9
Austin,TX,USA,30.3005,-97.7522,194.0,636.5
Avondale,AZ,USA,33.3873,-112.3235,280.0,918.6
Bakersfield,CA,USA,35.3529,-119.0359,121.0,397.0
Ballwin,MO,USA,38.5962,-90.5387,177.2,581.4
Baltimore,MD,USA,39.3051,-76.6144,34.0,111.5
Bangor,ME,USA,44.8323,-68.7906,50.0,164.0
Barre,VT,USA,44.1998,-72.5085,194.0,636.5
Barrington,RI,USA,41.7408,-71.3085,11.6,38.1
Bartlesville,OK,USA,36.7365,-95.9456,221.0,725.1
Bartlett,TN,USA,35.2337,-89.8195,103.0,337.9
Baton Rouge,LA,USA,30.442,-91.1311,20.0,65.6
Bear,DE,USA,39.6189,-75.6808,21.0,68.9
Beatrice,NE,USA,40.2736,-96.7455,404.0,1325.5
Beaverton,OR,USA,45.4779,-122.8168,72.0,236.2
Beckley,WV,USA,37.7877,-81.1841,699.0,2293.3
Bedford,NH,USA,42.9465,-71.516,93.1,305.4
Bel Air South,MD,USA,39.5022,-76.3113,73.0,239.5
Belgrade,MT,USA,45.7789,-111.1736,1357.0,4452.1
Bella Vista,AR,USA,36.4667,-94.2707,362.0,1187.7
Belle Fourche,SD,USA,44.664,-103.8564,950.0,3116.8
Bellevue,WA,USA,47.5951,-122.1535,100.0,328.1
Bellevue,NE,USA,41.1485,-95.939,304.0,997.4
Beloit,WI,USA,42.5083,-89.0318,228.6,750.0
Bend,OR,USA,44.0563,-121.3095,1111.0,3645.0
Bennington,VT,USA,42.8789,-73.1968,206.5,677.75
Benton,AR,USA,34.5776,-92.5713,156.0,511.8
Bentonville,AR,USA,36.3547,-94.2305,390.0,1279.5
Berlin,NH,USA,44.4869,-71.2599,445.0,1460.0
Bethel Park,PA,USA,40.3238,-80.0364,368.0,1207.3
Bethlehem,PA,USA,40.6266,-75.3679,106.0,347.8
Beulah,ND,USA,47.2665,-101.7734,547.0,1794.6
Biddeford,ME,USA,43.4673,-70.4511,46.0,150.9
Billings,MT,USA,45.7891,-108.5526,982.0,3221.8
Biloxi,MS,USA,30.4426,-88.9514,21.0,68.9
Binghamton,NY,USA,42.1014,-75.9093,272.0,892.4
Birmingham,AL,USA,33.5279,-86.7971,182.0,597.1
Bismarck,ND,USA,46.8143,-100.7694,531.0,1742.1
Blacksburg,VA,USA,37.23,-80.4279,624.0,2047.2
Blaine,MN,USA,45.1696,-93.2077,274.0,899.0
Bloomington,IN,USA,39.1637,-86.5257,246.0,807.1
Bloomington,IL,USA,40.4757,-88.9703,260.0,853.0
Bloomington,MN,USA,44.8306,-93.3151,247.0,810.4
Blue Springs,MO,USA,39.0124,-94.2721,283.0,928.5
Bluefield,WV,USA,37.2608,-81.2143,811.0,2660.8
Boise,ID,USA,43.6005,-116.2308,839.0,2752.6
Bonita Springs,FL,USA,26.3558,-81.7859,11.0,36.1
Boston,MA,USA,42.3188,-71.0852,26.0,85.3
Boulder,CO,USA,40.0248,-105.2524,1609.0,5278.9
Boulder City,NV,USA,35.8407,-114.9257,564.0,1850.4
Bountiful,UT,USA,40.8721,-111.8647,1452.0,4763.8
Bowling Green,KY,USA,36.9716,-86.4378,164.0,538.1
Bozeman,MT,USA,45.6833,-111.0558,1462.0,4796.6
Brandon,MS,USA,32.2778,-89.9896,161.0,528.2
Bremerton,WA,USA,47.5436,-122.7121,148.0,485.6
Brentwood,TN,USA,35.9918,-86.7758,226.0,741.5
Brick,NJ,USA,40.0707,-74.1281,8.0,26.2
Bridgeport,CT,USA,41.1918,-73.1954,11.0,36.1
Bristol,CT,USA,41.6812,-72.9407,137.0,449.5
Bristol,RI,USA,41.6771,-71.2662,24.4,80.1
Brockton,MA,USA,42.0821,-71.0242,42.0,137.8
Broken Arrow,OK,USA,36.038,-95.7806,223.0,731.6
Bronx,NY,USA,40.8501,-73.8662,22.0,72.2
Brookings,SD,USA,44.3022,-96.7859,506.0,1660.1
Brooklyn,NY,USA,40.6501,-73.9496,17.0,55.8
Brooklyn Park,MN,USA,45.1112,-93.3505,261.0,856.3
Brookside,DE,USA,39.6665,-75.7152,27.0,88.6
Broomfield,CO,USA,39.9542,-105.0526,1634.0,5360.9
Brownsville,TX,USA,25.9975,-97.458,6.0,19.7
Buckeye,AZ,USA,33.4314,-112.6429,326.0,1069.6
Buffalo,WY,USA,44.3427,-106.7139,1434.0,4704.7
Buffalo,NY,USA,42.9018,-78.8487,195.0,639.8
Burlington,NC,USA,36.076,-79.4685,206.0,675.9
Burlington,VT,USA,44.4876,-73.2316,27.0,88.6
Butte,MT,USA,45.902,-112.6571,1770.0,5807.1
Cabot,AR,USA,34.9766,-92.0274,99.0,324.8
Caldwell,ID,USA,43.6453,-116.6594,729.0,2391.7
Caliente,NV,USA,37.615,-114.5105,1345.2,4413.4
Cambridge,MA,USA,42.3759,-71.1185,17.0,55.8
Camden,DE,USA,39.1135,-75.5419,12.0,39.4
Camden,NJ,USA,39.9361,-75.1073,8.0,26.2
Canton,MI,USA,40.1329,-91.5205,260.0,853.0
Canton,OH,USA,40.8078,-81.3676,325.0,1066.3
Cape Coral,FL,USA,26.6443,-81.9957,6.0,19.7
Carmel,IN,USA,39.965,-86.146,254.0,833.3
Cary,NC,USA,35.7819,-78.8195,132.0,433.1
Casa Grande,AZ,USA,32.9069,-111.7624,416.0,1364.8
Casas Adobes,AZ,USA,32.3423,-111.0113,735.0,2411.4
Casper,WY,USA,42.842,-106.3208,1572.0,5157.5
Castle Rock,CO,USA,39.3763,-104.8535,1922.0,6305.8
Cedar Rapids,IA,USA,41.9662,-91.6783,223.0,731.6
Centennial,CO,USA,39.5926,-104.8673,1750.0,5741.5
Central Falls,RI,USA,41.8901,-71.3934,4.0,13.1
Champaign,IL,USA,40.1142,-88.2737,240.0,787.4
Chandler,AZ,USA,33.2825,-111.8514,367.0,1204.1
Charleston,SC,USA,32.8168,-79.9687,1.0,3.3
Charleston,WV,USA,38.3484,-81.6322,188.0,616.8
Charlotte,NC,USA,35.2083,-80.8303,208.0,682.4
Chattanooga,TN,USA,35.066,-85.2481,208.0,682.4
Chesapeake,VA,USA,36.6778,-76.3023,4.0,13.1
Chester,PA,USA,39.8456,-75.3718,14.0,45.9
Cheyenne,WY,USA,41.135,-104.7902,1852.0,6076.1
Chicago,IL,USA,41.8375,-87.6866,181.0,593.8
Cincinnati,OH,USA,39.1413,-84.506,231.0,757.9
Clarksville,TN,USA,36.5692,-87.3413,146.0,479.0
Clayton,DE,USA,39.2907,-75.6344,14.0,45.9
Clearwater,FL,USA,27.9659,-82.8001,9.4,30.8
Cleveland,OH,USA,41.4764,-81.6805,196.0,643.0
Clifton,NJ,USA,40.863,-74.1575,39.0,128.0
Clovis,NM,USA,34.4376,-103.1923,1317.0,4320.9
Cody,WY,USA,44.5213,-109.0548,1544.0,5065.6
Coeur d'Alene,ID,USA,47.704,-116.7936,684.0,2244.1
College Station,TX,USA,30.5852,-96.2959,94.0,308.4
Colorado Springs,CO,USA,38.8674,-104.7605,1935.0,6348.4
Columbia,MD,USA,39.2004,-76.859,93.0,305.1
Columbia,SC,USA,34.0378,-80.9036,95.0,311.7
Columbus,OH,USA,39.9862,-82.9855,247.0,810.4
Columbus,GA,USA,32.51,-84.8771,94.0,308.4
Commerce City,CO,USA,39.8641,-104.843,1577.0,5173.9
Concord,CA,USA,37.9722,-122.0016,49.0,160.8
Concord,NC,USA,35.3933,-80.6369,199.0,652.9
Concord,NH,USA,43.2305,-71.5595,101.0,331.4
Conway,AR,USA,35.0753,-92.4692,103.0,337.9
Corpus Christi,TX,USA,27.7254,-97.3767,12.0,39.4
Corvallis,OR,USA,44.5698,-123.2779,79.0,259.2
Covington,KY,USA,39.0334,-84.5166,238.0,780.8
Cranston,RI,USA,41.7658,-71.4858,22.0,72.2
Dallas,TX,USA,32.7935,-96.7667,151.0,495.4
Dalton,GA,USA,34.769,-84.972,235.0,771.0
Danbury,CT,USA,41.4015,-73.4709,146.0,479.0
Davenport,IA,USA,41.5565,-90.6053,203.0,666.0
Dayton,OH,USA,39.7805,-84.2003,229.0,751.3
Dearborn,MI,USA,42.3127,-83.213,182.0,597.1
Decatur,AL,USA,34.5731,-86.9905,180.0,590.6
Decatur,IL,USA,39.8557,-88.9342,209.0,685.7
Deltona,FL,USA,28.905,-81.2137,18.0,59.1
Denton,TX,USA,33.2175,-97.1418,208.0,682.4
Denver,CO,USA,39.762,-104.8758,1611.0,5285.4
Derby,KS,USA,37.5571,-97.2551,398.0,1305.8
Des Moines,IA,USA,41.5725,-93.6105,241.0,790.7
Detroit,MI,USA,42.3834,-83.1024,198.0,649.6
Dickinson,ND,USA,46.8918,-102.7925,751.0,2463.9
Dodge City,KS,USA,37.7611,-100.0182,792.0,2598.4
Dothan,AL,USA,31.2336,-85.407,106.0,347.8
Douglas,WY,USA,42.7542,-105.3969,1462.0,4796.6
Dover,NH,USA,43.1887,-70.8845,38.0,124.7
Dover,DE,USA,39.161,-75.5202,5.0,16.4
Draper,UT,USA,40.4957,-111.8605,1456.0,4776.9
Dubuque,IA,USA,42.5002,-90.707,253.0,830.1
Duluth,MN,USA,46.7756,-92.1393,324.0,1063.0
Durham,NC,USA,35.9792,-78.9022,115.0,377.3
East Honolulu,HI,USA,21.2975,-157.7211,122.0,400.3
East Providence,RI,USA,41.8065,-71.3565,8.0,26.2
Eau Claire,WI,USA,44.8197,-91.4948,265.0,869.4
Edmond,OK,USA,35.6689,-97.416,348.0,1141.7
El Paso,TX,USA,31.8476,-106.43,1182.0,3878.0
Elgin,IL,USA,42.0383,-88.324,250.0,820.2
Elizabeth,NJ,USA,40.6658,-74.1913,6.0,19.7
Elizabethtown,KY,USA,37.7031,-85.8773,225.0,738.2
Elkhart,IN,USA,41.6916,-85.9627,226.0,741.5
Ellicott City,MD,USA,39.2774,-76.8345,117.0,383.9
Elmira,NY,USA,42.0938,-76.8097,264.0,866.1
Enterprise,AL,USA,31.3275,-85.8463,99.0,324.8
Enterprise,NV,USA,36.0091,-115.2278,753.0,2470.5
Erie,PA,USA,42.1167,-80.0733,215.0,705.4
Essex Junction,VT,USA,44.4902,-73.1141,112.0,367.5
Eugene,OR,USA,44.0564,-123.1174,128.0,419.9
Evanston,WY,USA,41.2602,-110.9646,2071.0,6794.6
Evansville,IN,USA,37.9881,-87.5341,117.0,383.9
Ewa Beach,HI,USA,21.3156,-158.0088,3.0,9.8
Ewa Gentry,HI,USA,21.3344,-158.0262,16.0,52.5
Fairmont,WV,USA,39.4768,-80.1491,305.0,1000.7
Fargo,ND,USA,46.8651,-96.8292,276.0,905.5
Farmington,NM,USA,36.7555,-108.1823,1670.0,5479.0
Fayetteville,AR,USA,36.0714,-94.1661,421.0,1381.2
Fayetteville,NC,USA,35.085,-78.9772,73.0,239.5
Fishers,IN,USA,39.9588,-85.9659,247.0,810.4
Flagstaff,AZ,USA,35.1872,-111.6194,2082.0,6830.7
Flint,MI,USA,43.0236,-83.6921,225.0,738.2
Florence,AL,USA,34.8303,-87.6655,187.0,613.5
Florence,KY,USA,38.9899,-84.6471,269.0,882.5
Fort Collins,CO,USA,40.5477,-105.0656,1526.0,5006.6
Fort Smith,AR,USA,35.3495,-94.3695,146.0,479.0
Fort Wayne,IN,USA,41.0888,-85.1436,233.0,764.4
Fort Worth,TX,USA,32.7817,-97.3474,167.0,547.9
Frederick,MD,USA,39.4337,-77.4141,106.0,347.8
Fredericksburg,VA,USA,38.2992,-77.4872,41.0,134.5
Fremont,NE,USA,41.4395,-96.4873,364.0,1194.2
Fresno,CA,USA,36.783,-119.7939,99.0,324.8
Gadsden,AL,USA,34.0086,-86.0157,177.0,580.7
Gainesville,FL,USA,29.6804,-82.3459,46.0,150.9
Gainesville,GA,USA,34.2902,-83.8294,373.0,1223.8
Garland,TX,USA,32.91,-96.6304,164.0,538.1
Gastonia,NC,USA,35.2494,-81.1854,234.0,767.7
Georgetown,KY,USA,38.2247,-84.5487,254.0,833.3
Germantown,MD,USA,39.1755,-77.2643,148.0,485.6
Gilbert,AZ,USA,33.31,-111.7463,386.0,1266.4
Gillette,WY,USA,44.2752,-105.4982,1387.0,4550.5
Glasgow,DE,USA,39.6015,-75.7473,25.0,82.0
Glendale,AZ,USA,33.5791,-112.2311,346.0,1135.2
Glens Falls,NY,USA,43.3109,-73.6458,106.0,347.8
Goodyear,AZ,USA,33.2614,-112.3622,371.0,1217.2
Grand Forks,ND,USA,47.9214,-97.0884,256.0,839.9
Grand Island,NE,USA,40.9218,-98.3586,573.0,1879.9
Grand Junction,CO,USA,39.0877,-108.5673,1423.0,4668.6
Grand Rapids,MI,USA,42.9619,-85.6562,233.0,764.4
Great Falls,MT,USA,47.5022,-111.2996,1016.0,3333.3
Greeley,CO,USA,40.4152,-104.7706,1488.0,4881.9
Green Bay,WI,USA,44.5148,-87.9895,180.0,590.6
Green River,WY,USA,41.5127,-109.471,1891.0,6204.1
Greensboro,NC,USA,36.0956,-79.8271,246.0,807.1
Greenville,NC,USA,35.5943,-77.376,15.0,49.2
Greenville,SC,USA,34.8354,-82.3646,290.0,951.4
Greenville,MS,USA,33.385,-91.0514,42.0,137.8
Gresham,OR,USA,45.5021,-122.4413,111.0,364.2
Gulfport,MS,USA,30.4274,-89.0704,1.0,3.3
Hagerstown,MD,USA,39.6401,-77.7217,171.0,561.0
Hanover,PA,USA,39.8118,-76.9836,185.0,607.0
Harrisburg,PA,USA,40.2752,-76.8843,102.0,334.6
Hartford,CT,USA,41.7661,-72.6834,17.0,55.8
Hastings,NE,USA,40.5961,-98.39,592.0,1942.3
Hattiesburg,MS,USA,31.3074,-89.317,68.0,223.1
Helena,MT,USA,46.5965,-112.0202,1215.0,3986.2
Henderson,NV,USA,36.0133,-115.0381,697.0,2286.7
Hialeah,FL,USA,25.8696,-80.3045,10.0,32.8
Hickory,NC,USA,35.741,-81.3223,358.0,1174.5
High Point,NC,USA,35.991,-79.9937,272.0,892.4
Highlands Ranch,CO,USA,39.5419,-104.9708,1774.0,5820.2
Hillsboro,OR,USA,45.5273,-122.936,48.0,157.5
Hilo,HI,USA,19.6883,-155.0863,113.0,370.7
Hobbs,NM,USA,32.7281,-103.16,1111.0,3645.0
Hockessin,DE,USA,39.7837,-75.6815,105.0,344.5
Holland,MI,USA,42.7677,-86.0984,201.0,659.4
Honolulu,HI,USA,21.3294,-157.846,80.0,262.5
Hoover,AL,USA,33.3763,-86.8068,150.0,492.1
Hot Springs,AR,USA,34.4892,-93.0501,173.0,567.6
Houma,LA,USA,29.58,-90.7059,8.0,26.2
Houston,TX,USA,29.786,-95.3885,19.0,62.3
Huntington,WV,USA,38.4109,-82.4345,173.0,567.6
Huntsville,AL,USA,34.6981,-86.6412,196.0,643.0
Idaho Falls,ID,USA,43.4871,-112.0362,1436.0,4711.3
Indianapolis,IN,USA,39.7771,-86.1458,219.0,718.5
Indio,CA,USA,33.7346,-116.2346,0.0,0.0
Iowa City,IA,USA,41.6559,-91.5303,199.0,652.9
Irving,TX,USA,32.8583,-96.9702,173.0,567.6
Jackson,MI,USA,42.2431,-84.4038,289.0,948.2
Jackson,MS,USA,32.3157,-90.2125,111.0,364.2
Jackson,WY,USA,43.472,-110.7746,1889.0,6197.5
Jacksonville,AR,USA,34.8807,-92.1304,94.0,308.4
Jacksonville,FL,USA,30.3322,-81.6749,15.0,49.2
Jersey City,NJ,USA,40.7184,-74.0686,23.0,75.5
Johns Creek,GA,USA,34.0333,-84.2027,296.0,971.1
Johnson City,TN,USA,36.3406,-82.3806,518.0,1699.5
Joliet,IL,USA,41.5188,-88.1499,191.0,626.6
Jonesboro,AR,USA,35.8212,-90.6791,82.0,269.0
Kahului,HI,USA,20.8715,-156.4603,13.0,42.7
Kailua,HI,USA,21.392,-157.7396,9.0,29.5
Kalamazoo,MI,USA,42.2749,-85.5882,238.0,780.8
Kaneohe,HI,USA,21.4062,-157.7904,21.0,68.9
Kansas City,KS,USA,39.1235,-94.7443,293.0,961.3
Kearney,NE,USA,40.7011,-99.0833,660.0,2165.4
Keene,NH,USA,42.9494,-72.2998,148.0,485.6
Kennewick,WA,USA,46.1978,-119.1732,169.0,554.5
Kenosha,WI,USA,42.5865,-87.8773,221.0,725.1
Killeen,TX,USA,31.0753,-97.7297,267.0,876.0
Kingsport,TN,USA,36.5224,-82.5454,365.0,1197.5
Kissimmee,FL,USA,28.3041,-81.4169,27.0,88.6
Knoxville,TN,USA,35.9692,-83.9496,271.0,889.1
La Crosse,WI,USA,43.8241,-91.2268,192.0,629.9
Laconia,NH,USA,43.5725,-71.4775,178.0,584.0
Lafayette,CO,USA,39.9946,-105.0998,1606.0,5269.0
Lafayette,IN,USA,40.3991,-86.8593,205.0,672.6
Lafayette,LA,USA,30.2082,-92.0325,14.0,45.9
Lake Charles,LA,USA,30.201,-93.2111,8.0,26.2
Lake Havasu City,AZ,USA,34.5006,-114.3113,289.0,948.2
Lakeland,FL,USA,28.0557,-81.9545,64.0,210.0
Lakewood,CO,USA,39.6977,-105.1172,1724.0,5656.2
Lancaster,CA,USA,34.6935,-118.1753,715.0,2345.8
Lancaster,PA,USA,40.042,-76.3012,114.0,374.0
Lander,WY,USA,42.8312,-108.7599,1654.0,5426.5
Lansing,MI,USA,42.7142,-84.5601,261.0,856.3
Laramie,WY,USA,41.3099,-105.6085,2179.0,7149.0
Laredo,TX,USA,27.5625,-99.4874,154.0,505.2
Las Cruces,NM,USA,32.3265,-106.7893,1185.0,3887.8
Las Vegas,NV,USA,36.2333,-115.2654,723.0,2372.0
Lawrence,KS,USA,38.9597,-95.2642,305.0,1000.7
Lawton,OK,USA,34.6175,-98.4202,353.0,1158.1
Lebanon,PA,USA,40.3412,-76.4228,138.0,452.8
Lebanon,NH,USA,43.6353,-72.2531,193.0,633.2
Leominster,MA,USA,42.5209,-71.7717,145.0,475.7
Levittown,PA,USA,40.1533,-74.8531,31.0,101.7
Lewiston,ME,USA,44.0915,-70.1681,124.0,406.8
Lexington,KY,USA,38.0423,-84.4587,321.0,1053.1
Lima,OH,USA,40.741,-84.112,270.0,885.8
Lincoln,NE,USA,40.8099,-96.6784,372.0,1220.5
Little Rock,AR,USA,34.7256,-92.3577,105.0,344.5
Livonia,MI,USA,42.3972,-83.3733,203.0,666.0
Logan,UT,USA,41.7399,-111.8422,1375.0,4511.2
Long Beach,CA,USA,33.7977,-118.167,43.0,141.1
Longmont,CO,USA,40.1686,-105.1005,1521.0,4990.2
Lorain,OH,USA,41.4409,-82.184,187.0,613.5
Los Angeles,CA,USA,34.1141,-118.4068,346.0,1135.2
Louisville,KY,USA,38.1663,-85.6485,174.0,570.9
Loveland,CO,USA,40.4166,-105.0623,1526.0,5006.6
Lowell,MA,USA,42.6389,-71.3217,35.0,114.8
Lubbock,TX,USA,33.5657,-101.8879,985.0,3231.6
Lynn,MA,USA,42.4781,-70.9664,37.0,121.4
Macon,GA,USA,32.8065,-83.6974,122.0,400.3
Madison,AL,USA,34.7114,-86.7626,208.0,682.4
Madison,WI,USA,43.0822,-89.393,258.0,846.5
Manchester,NH,USA,42.9848,-71.4447,83.0,272.3
Mandeville,LA,USA,30.3751,-90.0904,13.0,42.7
Manhattan,NY,USA,40.7834,-73.9662,30.0,98.4
Manhattan,KS,USA,39.1886,-96.6048,323.0,1059.7
Mansfield,OH,USA,40.7656,-82.5275,369.0,1210.6
Martinsburg,WV,USA,39.4582,-77.9776,148.0,485.6
Marysville,WA,USA,48.0809,-122.1561,18.0,59.1
Mauldin,SC,USA,34.7821,-82.3032,278.0,912.1
McAllen,TX,USA,26.2252,-98.2467,39.0,128.0
McKinney,TX,USA,33.2016,-96.667,188.0,616.8
Medford,OR,USA,42.3372,-122.854,438.0,1437.0
Memphis,TN,USA,35.1087,-89.9663,97.0,318.2
Meriden,CT,USA,41.5369,-72.7946,55.0,180.4
Meridian,MS,USA,32.3846,-88.6896,127.0,416.7
Meridian,ID,USA,43.6116,-116.3977,795.0,2608.3
Mesa,AZ,USA,33.4015,-111.7178,401.0,1315.6
Metairie,LA,USA,29.9977,-90.178,3.0,9.8
Miami,FL,USA,25.784,-80.2101,11.0,36.1
Middletown,OH,USA,39.5033,-84.3659,231.0,757.9
Middletown,DE,USA,39.445,-75.7183,20.0,65.6
Midwest City,OK,USA,35.463,-97.371,373.0,1223.8
Mililani Town,HI,USA,21.4465,-158.0147,197.0,646.3
Milwaukee,WI,USA,43.0642,-87.9675,220.0,721.8
Minneapolis,MN,USA,44.9635,-93.2678,264.0,866.1
Minot,ND,USA,48.2375,-101.278,473.0,1551.8
Mission Viejo,CA,USA,33.6096,-117.6551,176.0,577.4
Missoula,MT,USA,46.8751,-114.0214,966.0,3169.3
Mitchell,SD,USA,43.7294,-98.0337,393.0,1289.4
Mobile,AL,USA,30.6782,-88.1162,13.0,42.7
Modesto,CA,USA,37.6375,-121.0028,36.0,118.1
Monroe,LA,USA,32.5185,-92.0774,25.0,82.0
Montgomery,AL,USA,32.3482,-86.2668,83.0,272.3
Montpelier,VT,USA,44.2659,-72.5717,164.0,538.1
Moore,OK,USA,35.3293,-97.4757,374.0,1227.0
Morgantown,WV,USA,39.6383,-79.9464,344.0,1128.6
Mount Vernon,NY,USA,40.9136,-73.8291,45.0,147.6
Murfreesboro,TN,USA,35.849,-86.4121,175.0,574.1
Murrieta,CA,USA,33.5719,-117.1909,372.0,1220.5
Muskegon,MI,USA,43.2281,-86.2562,191.0,626.6
Myrtle Beach,SC,USA,33.7094,-78.8844,3.0,9.8
Nampa,ID,USA,43.5844,-116.5638,760.0,2493.4
Naperville,IL,USA,41.748,-88.1659,216.0,708.7
Nashua,NH,USA,42.7491,-71.491,62.0,203.4
Nashville,TN,USA,36.1715,-86.7842,125.0,410.1
Navarre,FL,USA,30.4174,-86.8907,13.0,42.7
New Bedford,MA,USA,41.6697,-70.9428,9.0,29.5
New Britain,CT,USA,41.6759,-72.7862,66.0,216.5
New Haven,CT,USA,41.3113,-72.9246,15.0,49.2
New Orleans,LA,USA,30.0687,-89.9288,10.0,32.8
New Rochelle,NY,USA,40.9304,-73.7836,34.0,111.5
New York,NY,USA,40.6943,-73.9249,18.0,59.1
Newark,OH,USA,40.0706,-82.425,261.0,856.3
Newark,NJ,USA,40.7245,-74.1725,0.0,0.0
Newark,DE,USA,39.6776,-75.7576,44.0,144.4
Newport,RI,USA,41.4801,-71.3203,7.9,26.0
Newport News,VA,USA,37.1051,-76.5185,11.0,36.1
Norfolk,VA,USA,36.8945,-76.259,7.0,23.0
Norfolk,NE,USA,42.0324,-97.4217,467.0,1532.2
Norman,OK,USA,35.2335,-97.3471,355.0,1164.7
Norristown,PA,USA,40.1225,-75.3398,45.0,147.6
North Charleston,SC,USA,32.9067,-80.0722,12.0,39.4
North Las Vegas,NV,USA,36.2883,-115.0888,641.0,2103.0
North Little Rock,AR,USA,34.7807,-92.2371,97.0,318.2
Norwalk,CT,USA,41.1144,-73.4215,44.0,144.4
Norwich,CT,USA,41.5495,-72.0882,34.0,111.5
Oakland,CA,USA,37.7904,-122.2166,45.0,147.6
Ogden,UT,USA,41.2279,-111.9682,1328.0,4357.0
Oklahoma City,OK,USA,35.4676,-97.5136,383.0,1256.6
Olathe,KS,USA,38.8833,-94.82,323.0,1059.7
Olive Branch,MS,USA,34.961,-89.8469,107.0,351.0
Olympia,WA,USA,47.0417,-122.8959,7.0,23.0
Omaha,NE,USA,41.2627,-96.0529,360.0,1181.1
Opelika,AL,USA,32.6612,-85.3769,244.0,800.5
Orem,UT,USA,40.2981,-111.6994,1457.0,4780.2
Orlando,FL,USA,28.4773,-81.337,33.0,108.3
Oshkosh,WI,USA,44.0227,-88.5619,229.0,751.3
Overland Park,KS,USA,38.887,-94.687,293.0,961.3
Owensboro,KY,USA,37.7575,-87.1172,133.0,436.4
Oxnard,CA,USA,34.1964,-119.1815,18.0,59.1
Palm Bay,FL,USA,27.9631,-80.6593,15.0,49.2
Palm Coast,FL,USA,29.5389,-81.2457,16.0,52.5
Paradise,NV,USA,36.0872,-115.1355,626.0,2053.8
Paragould,AR,USA,36.0555,-90.5149,90.0,295.3
Parkersburg,WV,USA,39.2623,-81.542,191.0,626.6
Parma,OH,USA,41.3843,-81.7286,293.0,961.3
Passaic,NJ,USA,40.8574,-74.1282,38.0,124.7
Paterson,NJ,USA,40.9147,-74.1624,36.0,118.1
Pawtucket,RI,USA,41.8744,-71.3743,3.0,9.8
Pearl City,HI,USA,21.4031,-157.9566,64.0,210.0
Pensacola,FL,USA,30.4413,-87.1911,12.0,39.4
Peoria,AZ,USA,33.7843,-112.2989,478.0,1568.2
Peoria,IL,USA,40.752,-89.6154,217.0,711.9
Phenix City,AL,USA,32.4585,-85.0253,142.0,465.9
Philadelphia,PA,USA,40.0077,-75.1339,32.0,105.0
Phoenix,AZ,USA,33.5722,-112.0892,381.0,1250.0
Pine Bluff,AR,USA,34.2116,-92.0173,72.0,236.2
Pittsburgh,PA,USA,40.4397,-79.9763,312.0,1023.6
Plano,TX,USA,33.0502,-96.7486,223.0,731.6
Plymouth,MN,USA,45.0225,-93.4617,290.0,951.4
Pocatello,ID,USA,42.8724,-112.4647,1362.0,4468.5
Port St. Lucie,FL,USA,27.2796,-80.3884,11.0,36.1
Portland,OR,USA,45.5371,-122.65,50.0,164.0
Portland,ME,USA,43.6773,-70.2715,0.0,0.0
Portsmouth,NH,USA,43.058,-70.7826,19.0,62.3
Post Falls,ID,USA,47.7213,-116.9384,671.0,2201.4
Pottstown,PA,USA,40.2508,-75.6445,59.0,193.6
Poughkeepsie,NY,USA,41.695,-73.9211,66.0,216.5
Powell,WY,USA,44.7958,-108.7681,1336.0,4383.2
Prattville,AL,USA,32.4597,-86.4573,102.0,334.6
Prescott Valley,AZ,USA,34.598,-112.3185,1537.0,5042.7
Providence,RI,USA,41.823,-71.4187,-16.0,-52.5
Provo,UT,USA,40.2457,-111.6457,1408.0,4619.4
Pueblo,CO,USA,38.2701,-104.6114,1423.0,4668.6
Queens,NY,USA,40.7498,-73.7976,12.0,39.4
Quincy,MA,USA,42.2506,-71.0187,38.0,124.7
Racine,WI,USA,42.7274,-87.8135,189.0,620.1
Raleigh,NC,USA,35.8324,-78.6429,108.0,354.3
Ranchettes,WY,USA,41.2186,-104.7729,1875.0,6151.6
Rapid City,SD,USA,44.0716,-103.2204,1036.0,3399.0
Rawlins,WY,USA,41.7849,-107.2265,2045.0,6709.3
Reading,PA,USA,40.34,-75.9267,79.0,259.2
Reno,NV,USA,39.5497,-119.8483,1494.0,4901.6
Richmond,VA,USA,37.5295,-77.4756,23.0,75.5
Richmond,KY,USA,37.7307,-84.2925,306.0,1003.9
Rio Rancho,NM,USA,35.2873,-106.6982,1677.0,5502.0
Riverside,CA,USA,33.9381,-117.3949,271.0,889.1
Riverton,WY,USA,43.0421,-108.4144,1552.0,5091.9
Roanoke,VA,USA,37.2785,-79.9581,296.0,971.1
Rochester,NY,USA,43.168,-77.6162,153.0,502.0
Rochester,MN,USA,44.0154,-92.478,346.0,1135.2
Rochester,NH,USA,43.299,-70.9787,60.0,196.9
Rock Hill,SC,USA,34.9415,-81.0241,207.0,679.1
Rock Springs,WY,USA,41.5947,-109.2209,1915.0,6282.8
Rockford,IL,USA,42.2596,-89.064,225.0,738.2
Rogers,AR,USA,36.317,-94.1531,415.0,1361.5
Roswell,GA,USA,34.0391,-84.3513,322.0,1056.4
Roswell,NM,USA,33.373,-104.5294,1107.0,3631.9
Round Lake Beach,IL,USA,42.3791,-88.0811,252.0,826.8
Russellville,AR,USA,35.2762,-93.1383,117.0,383.9
Rutland,VT,USA,43.6092,-72.9783,175.0,574.1
Sacramento,CA,USA,38.5677,-121.4685,11.0,36.1
Saginaw,MI,USA,43.4199,-83.9501,182.0,597.1
Salem,OR,USA,44.9233,-123.0244,53.0,173.9
Salisbury,MD,USA,38.3756,-75.5865,12.0,39.4
Salt Lake City,UT,USA,40.7776,-111.9311,1293.0,4242.1
San Antonio,TX,USA,29.4632,-98.5238,224.0,734.9
San Diego,CA,USA,32.8313,-117.1222,118.0,387.1
San Francisco,CA,USA,37.7558,-122.4449,198.0,649.6
San Jose,CA,USA,37.3012,-121.848,26.0,85.3
San Tan Valley,AZ,USA,33.1786,-111.5629,456.0,1496.1
Sandy Springs,GA,USA,33.9366,-84.3703,317.0,1040.0
Sanford,ME,USA,43.4244,-70.7573,77.0,252.6
Santa Fe,NM,USA,35.6619,-105.9819,2062.0,6765.1
Sarasota,FL,USA,27.3387,-82.5432,11.0,36.1
Saratoga Springs,NY,USA,43.0674,-73.7775,99.0,324.8
Savannah,GA,USA,32.0286,-81.1821,4.0,13.1
Schenectady,NY,USA,42.8025,-73.9275,108.0,354.3
Scottsdale,AZ,USA,33.6872,-111.8651,688.0,2257.2
Scranton,PA,USA,41.4044,-75.6649,232.0,761.2
Seattle,WA,USA,47.6211,-122.3244,95.0,311.7
Shawnee,KS,USA,39.0158,-94.8076,262.0,859.6
Sheridan,WY,USA,44.7961,-106.9642,1148.0,3766.4
Sherwood,AR,USA,34.8507,-92.2029,106.0,347.8
Shreveport,LA,USA,32.4653,-93.7955,74.0,242.8
Silver Spring,MD,USA,39.0028,-77.0207,89.0,292.0
Sioux City,IA,USA,42.4959,-96.3901,332.0,1089.2
Sioux Falls,SD,USA,43.5396,-96.7311,448.0,1469.8
South Bend,IN,USA,41.6767,-86.2696,219.0,718.5
South Burlington,VT,USA,44.4622,-73.2202,38.0,124.7
South Fulton,GA,USA,33.6273,-84.58,297.0,974.4
South Greeley,WY,USA,41.0929,-104.8066,1848.0,6063.0
South Lyon,MI,USA,42.4614,-83.6526,280.0,918.6
South Portland,ME,USA,43.631,-70.2895,12.0,39.4
South Valley,NM,USA,35.0093,-106.6819,1506.0,4940.9
Southaven,MS,USA,34.9514,-89.9786,101.0,331.4
Sparks,NV,USA,39.5736,-119.7161,1390.0,4560.4
Spartanburg,SC,USA,34.9442,-81.9251,239.0,784.1
Spokane,WA,USA,47.6671,-117.433,577.0,1893.0
Spring Valley,NV,USA,36.0952,-115.2636,744.0,2440.9
Springdale,AR,USA,36.1901,-94.1574,410.0,1345.1
Springfield,IL,USA,39.7709,-89.654,183.0,600.4
Springfield,OH,USA,39.93,-83.7959,290.0,951.4
Springfield,MA,USA,42.1155,-72.5395,52.0,170.6
St. Albans,VT,USA,44.8119,-73.0849,121.0,397.0
St. Cloud,MN,USA,45.534,-94.1718,311.0,1020.3
St. George,UT,USA,37.0758,-113.5752,775.0,2542.7
St. Paul,MN,USA,44.9478,-93.1039,241.0,790.7
St. Petersburg,FL,USA,27.7931,-82.6652,22.0,72.2
Stamford,CT,USA,41.1039,-73.5585,42.0,137.8
State College,PA,USA,40.7909,-77.8567,353.0,1158.1
Staten Island,NY,USA,40.5834,-74.1496,51.0,167.3
Sterling Heights,MI,USA,42.5809,-83.0305,190.0,623.4
Stockton,CA,USA,37.9765,-121.3109,6.0,19.7
Sunrise Manor,NV,USA,36.1783,-115.0487,543.0,1781.5
Surprise,AZ,USA,33.6815,-112.4515,418.0,1371.4
Syracuse,NY,USA,43.0407,-76.1437,124.0,406.8
Tacoma,WA,USA,47.2431,-122.4531,107.0,351.0
Tallahassee,FL,USA,30.4551,-84.2527,51.0,167.3
Tampa,FL,USA,27.9945,-82.4447,23.0,75.5
Tempe,AZ,USA,33.3881,-111.9319,356.0,1168.0
Texarkana,AR,USA,33.436,-93.9959,120.0,393.7
The Woodlands,TX,USA,30.1738,-95.5134,59.0,193.6
Thornton,CO,USA,39.9197,-104.9438,1593.0,5226.4
Toledo,OH,USA,41.6638,-83.5827,183.0,600.4
Topeka,KS,USA,39.0346,-95.6955,290.0,951.4
Torrington,WY,USA,42.0653,-104.1737,1250.0,4101.1
Trenton,NJ,USA,40.2237,-74.7641,19.0,62.3
Tucson,AZ,USA,32.1541,-110.8787,815.0,2673.9
Tulsa,OK,USA,36.1283,-95.9042,222.0,728.3
Tupelo,MS,USA,34.2692,-88.7318,83.0,272.3
Tuscaloosa,AL,USA,33.2348,-87.5268,75.0,246.1
Twin Falls,ID,USA,42.5645,-114.4613,1136.0,3727.0
Utica,NY,USA,43.0962,-75.2261,148.0,485.6
Vancouver,WA,USA,45.6366,-122.5967,53.0,173.9
Vestavia Hills,AL,USA,33.4518,-86.7437,211.0,692.3
Victorville,CA,USA,34.5277,-117.3536,900.0,2952.8
Vineland,NJ,USA,39.4653,-74.9981,26.0,85.3
Virginia Beach,VA,USA,36.7335,-76.0435,0.0,0.0
Waipahu,HI,USA,21.3859,-158.0101,22.0,72.2
Waldorf,MD,USA,38.6085,-76.9194,66.0,216.5
Warner Robins,GA,USA,32.5961,-83.6527,129.0,423.2
Warren,MI,USA,42.4934,-83.027,190.0,623.4
Warwick,RI,USA,41.7062,-71.4334,0.0,0.0
Waterbury,CT,USA,41.5582,-73.0361,97.0,318.2
Waterloo,IA,USA,42.4918,-92.3522,273.0,895.7
Watertown,SD,USA,44.9094,-97.1532,526.0,1725.7
Waukegan,IL,USA,42.3698,-87.8716,221.0,725.1
Wausau,WI,USA,44.962,-89.6459,404.0,1325.5
Weirton,WV,USA,40.406,-80.5671,272.0,892.4
West Des Moines,IA,USA,41.5521,-93.7806,294.0,964.6
West Fargo,ND,USA,46.8573,-96.9057,274.0,899.0
West Haven,CT,USA,41.2739,-72.9672,20.0,65.6
West Jordan,UT,USA,40.6024,-112.0008,1426.0,4678.5
West Memphis,AR,USA,35.153,-90.1996,67.0,219.8
West Valley City,UT,USA,40.6886,-112.0123,1329.0,4360.2
Westminster,CO,USA,39.8837,-105.0624,1616.0,5301.8
Wheeling,WV,USA,40.0752,-80.6951,201.0,659.4
Wichita,KS,USA,37.6895,-97.3443,400.0,1312.3
Wilkes-Barre,PA,USA,41.2469,-75.876,169.0,554.5
Williston,ND,USA,48.1814,-103.6364,581.0,1906.2
Wilmington,NC,USA,34.2099,-77.8866,12.0,39.4
Wilmington,DE,USA,39.7415,-75.5416,10.0,32.8
Winooski,VT,USA,44.4948,-73.1846,76.0,249.3
Winston-Salem,NC,USA,36.1029,-80.261,245.0,803.8
Winter Haven,FL,USA,28.0118,-81.7014,48.0,157.5
Woonsocket,RI,USA,42.001,-71.4993,42.0,137.8
Worcester,MA,USA,42.2705,-71.8079,154.0,505.2
Worland,WY,USA,44.0025,-107.9544,1240.0,4068.2
Yankton,SD,USA,42.8901,-97.3927,380.0,1246.7
Yonkers,NY,USA,40.9466,-73.8673,97.0,318.2
York,PA,USA,39.9651,-76.7315,111.0,364.2
Youngstown,OH,USA,41.0993,-80.6463,265.0,869.4
Yuma,AZ,USA,32.5995,-114.5491,56.0,183.7
Aberaeron,,Wales,52.2432,-4.26,5.0,16.4
Aberdaron,,Wales,52.8051,-4.7126,22.0,72.2
Aberporth,,Wales,52.1342,-4.5462,13.0,42.7
Abersoch,,Wales,52.8227,-4.5075,21.0,68.9
Amroth,,Wales,51.7328,-4.6612,10.0,32.8
Barmouth,,Wales,52.721,-4.0536,31.0,101.7
Barry,,Wales,51.4065,-3.2667,38.0,124.7
Borth,,Wales,52.4881,-4.0508,4.0,13.1
Criccieth,,Wales,52.9206,-4.2332,24.0,78.7
Fairbourne,,Wales,52.6971,-4.0511,4.0,13.1
Fishguard,,Wales,51.9938,-4.9768,51.0,167.3
Goodwick,,Wales,52.0044,-4.996,56.0,183.7
Laugharne,,Wales,51.77,-4.4647,15.0,49.2
Llanbedr,,Wales,52.8352,-4.0318,421.0,1381.2
Llangrannog,,Wales,52.159,-4.4665,57.0,187.0
Nefyn,,Wales,52.9356,-4.5192,37.0,121.4
New Quay,,Wales,52.214,-4.3603,40.0,131.2
Newport,,Wales,51.5882,-2.9975,15.0,49.2
Penarth,,Wales,51.4357,-3.1751,46.0,150.9
Pendine,,Wales,51.7441,-4.5568,8.0,26.2
Poppit Sands,,Wales,52.107,-4.6969,0.0,0.0
Porthcawl,,Wales,51.4796,-3.7041,12.0,39.4
Porthmadog,,Wales,52.9256,-4.1297,7.0,23.0
Pwllheli,,Wales,52.8879,-4.4188,7.0,23.0
Saundersfoot,,Wales,51.7109,-4.6998,12.0,39.4
Talybont,,Wales,52.7729,-4.0971,19.0,62.3
Tenby,,Wales,51.6726,-4.705,19.0,62.3
Trefor,,Wales,52.993,-4.4265,24.0,78.7
Tresaith,,Wales,52.1349,-4.5137,49.0,160.8
Tywyn,,Wales,52.5861,-4.0856,12.0,39.4
